{
    "slam_data_version": "0.2",
    "root_path": "/home/andrea/Scrivania/Datasets/Middelbury/dinoRing",
    "intrinsics": [
        {
            "intrinsicId": 0,
            "value": {
                "polymorphic_id": 0,
                "polymorphic_name": "pinhole",
                "ptr_wrapper": {
                    "data": {
                        "width": 640,
                        "height": 480,
                        "focal_length": 0.0,
                        "principal_point": [
                            1.0,
                            2.0
                        ]
                    }
                }
            }
        }
    ],
    "views": [
        {
            "viewId": 0,
            "local_path": "/",
            "filename": "TODO",
            "width": 640,
            "height": 480,
            "id_intrinsic": 0,
            "extrinsic": {
                "rotation": [
                    [
                        1.0,
                        0.0,
                        0.0
                    ],
                    [
                        0.0,
                        1.0,
                        0.0
                    ],
                    [
                        0.0,
                        0.0,
                        1.0
                    ]
                ],
                "center": [
                    0.0,
                    0.0,
                    0.0
                ]
            },
            "observations": [
                {
                    "pointId": 0,
                    "X": [
                        -6.304358959197998,
                        -4.605166435241699,
                        33.03326416015625
                    ],
                    "x": [
                        1.0,
                        2.0
                    ]
                },
                {
                    "pointId": 1,
                    "X": [
                        -5.301064491271973,
                        -4.82091760635376,
                        31.443300247192384
                    ],
                    "x": [
                        1.0,
                        2.0
                    ]
                },
                {
                    "pointId": 2,
                    "X": [
                        0.2164909541606903,
                        0.08832141757011414,
                        0.5483505129814148
                    ],
                    "x": [
                        1.0,
                        2.0
                    ]
                },
                {
                    "pointId": 3,
                    "X": [
                        3.118387460708618,
                        0.9983397126197815,
                        7.120776653289795
                    ],
                    "x": [
                        1.0,
                        2.0
                    ]
                },
                {
                    "pointId": 4,
                    "X": [
                        2.923781156539917,
                        1.0825518369674683,
                        7.153594970703125
                    ],
                    "x": [
                        1.0,
                        2.0
                    ]
                },
                {
                    "pointId": 5,
                    "X": [
                        -4.213416576385498,
                        2.102749824523926,
                        9.117716789245606
                    ],
                    "x": [
                        1.0,
                        2.0
                    ]
                },
                {
                    "pointId": 6,
                    "X": [
                        -4.198486804962158,
                        1.8623908758163453,
                        8.593875885009766
                    ],
                    "x": [
                        1.0,
                        2.0
                    ]
                },
                {
                    "pointId": 7,
                    "X": [
                        -8.33375358581543,
                        0.5998308658599854,
                        25.690196990966798
                    ],
                    "x": [
                        1.0,
                        2.0
                    ]
                },
                {
                    "pointId": 8,
                    "X": [
                        -9.958196640014649,
                        -1.0499275922775269,
                        32.510189056396487
                    ],
                    "x": [
                        1.0,
                        2.0
                    ]
                },
                {
                    "pointId": 9,
                    "X": [
                        -3.2324254512786867,
                        1.6684226989746094,
                        7.234435081481934
                    ],
                    "x": [
                        1.0,
                        2.0
                    ]
                },
                {
                    "pointId": 10,
                    "X": [
                        -8.995936393737793,
                        1.0241293907165528,
                        23.162425994873048
                    ],
                    "x": [
                        1.0,
                        2.0
                    ]
                },
                {
                    "pointId": 11,
                    "X": [
                        -13.070862770080567,
                        0.3164844810962677,
                        33.53429412841797
                    ],
                    "x": [
                        1.0,
                        2.0
                    ]
                },
                {
                    "pointId": 12,
                    "X": [
                        -14.282674789428711,
                        -4.363650798797607,
                        36.38358688354492
                    ],
                    "x": [
                        1.0,
                        2.0
                    ]
                },
                {
                    "pointId": 13,
                    "X": [
                        -6.322646141052246,
                        -2.9138293266296388,
                        17.13874626159668
                    ],
                    "x": [
                        1.0,
                        2.0
                    ]
                },
                {
                    "pointId": 14,
                    "X": [
                        -9.77922248840332,
                        -1.3120205402374268,
                        18.06264877319336
                    ],
                    "x": [
                        1.0,
                        2.0
                    ]
                },
                {
                    "pointId": 15,
                    "X": [
                        -9.481627464294434,
                        -1.572400450706482,
                        17.880517959594728
                    ],
                    "x": [
                        1.0,
                        2.0
                    ]
                },
                {
                    "pointId": 16,
                    "X": [
                        -9.877958297729493,
                        -1.2130602598190308,
                        16.700258255004884
                    ],
                    "x": [
                        1.0,
                        2.0
                    ]
                },
                {
                    "pointId": 17,
                    "X": [
                        -8.12484073638916,
                        -4.481638431549072,
                        25.935955047607423
                    ],
                    "x": [
                        1.0,
                        2.0
                    ]
                },
                {
                    "pointId": 18,